<?xml version='1.0' encoding='utf-8'?>
<addon id="plugin.video.felixtv" name="[COLOR crimson]Felix[COLOR white]TV[COLOR green][/COLOR]" provider-name="Aladin" version="1.0.0">
    <requires>
        <import addon="xbmc.python" version="2.1.0" />
        <import addon="script.module.stream.resolver" version="1.6.52" />
        <import addon="script.common.plugin.cache" version="2.5.0" />
    </requires>
    <extension library="default.py" point="xbmc.python.pluginsource" provides="video">
        <provides>video</provides>
    </extension>
    <extension library="service.py" point="xbmc.service"  start="startup"/>
    <extension point="xbmc.addon.metadata">
        <summary lang="en">FelixTV.cz</summary>
        <summary lang="cs">FelixTV.cz</summary>
        <description lang="en">Watch Movies and TV Shows</description>
        <description lang="cs">Sleduj Filmy a Serialy</description>
        <platform>all</platform>
        <source></source>
    </extension>
</addon>
