﻿<?xml version="1.0" encoding="UTF-8"?>
<addon id="plugin.video.felixtv"
version="1.6.0"
name="FelixTV"
provider-name="Sároš">
  <requires>
    <import addon="xbmc.python" version="2.14.0" />
  </requires>
	<extension point="xbmc.python.pluginsource" library="main.py">
		<provides>video</provides>
	</extension>
	<extension point="xbmc.addon.metadata">
  <summary lang="cs">FelixTV</summary>
  <description lang="cs">Sledování online filmů a seriálů ze serveru FelixTV.cz (autor Aladin)</description>
  <disclaimer lang="cs">Sároš</disclaimer>
  <assets>
    <icon>icon.png</icon>
    <fanart>fanart.png</fanart>
  </assets>
</extension>
</addon>
